,mean_fit_time,std_fit_time,mean_score_time,std_score_time,param_gamma,param_learning_rate,param_max_depth,param_n_estimators,params,split0_test_r2,split1_test_r2,split2_test_r2,split3_test_r2,split4_test_r2,mean_test_r2,std_test_r2,rank_test_r2,split0_test_neg_root_mean_squared_error,split1_test_neg_root_mean_squared_error,split2_test_neg_root_mean_squared_error,split3_test_neg_root_mean_squared_error,split4_test_neg_root_mean_squared_error,mean_test_neg_root_mean_squared_error,std_test_neg_root_mean_squared_error,rank_test_neg_root_mean_squared_error
46,0.12043867111206055,0.00833168779066046,0.0060028076171875,3.8315163811730654e-05,0.01,0.01,3,200,"{'gamma': 0.01, 'learning_rate': 0.01, 'max_depth': 3, 'n_estimators': 200}",-0.06663242074476194,0.06251931242167696,-0.35307461788659933,-0.3519993308984406,-0.12507341413843975,-0.16685209424931294,0.1633150396112017,1,-49.881798650476284,-45.935754792866575,-60.15176738615557,-54.69754680526732,-46.101877744258374,-51.35374907580483,5.434879244887073,1
82,0.13297533988952637,0.0029992185892326138,0.006795167922973633,0.0004062446065139772,0.1,0.01,3,200,"{'gamma': 0.1, 'learning_rate': 0.01, 'max_depth': 3, 'n_estimators': 200}",-0.06663242074476194,0.06251931242167696,-0.35307461788659933,-0.3519993308984406,-0.12507341413843975,-0.16685209424931294,0.1633150396112017,1,-49.881798650476284,-45.935754792866575,-60.15176738615557,-54.69754680526732,-46.101877744258374,-51.35374907580483,5.434879244887073,1
10,0.10075082778930664,0.001325384613584666,0.005217361450195313,0.00041670936484284953,0,0.01,3,200,"{'gamma': 0, 'learning_rate': 0.01, 'max_depth': 3, 'n_estimators': 200}",-0.06663242074476194,0.06251931242167696,-0.35307461788659933,-0.3519993308984406,-0.12507341413843975,-0.16685209424931294,0.1633150396112017,1,-49.881798650476284,-45.935754792866575,-60.15176738615557,-54.69754680526732,-46.101877744258374,-51.35374907580483,5.434879244887073,1
83,0.28283987045288084,0.0035287216769486402,0.004987001419067383,5.43678009557313e-07,0.1,0.01,3,500,"{'gamma': 0.1, 'learning_rate': 0.01, 'max_depth': 3, 'n_estimators': 500}",-0.10097672681223524,-0.05993416732586421,-0.24715632367647244,-0.39101090720400156,-0.11235851126902219,-0.18228732725751912,0.12185669314212053,4,-50.678503764577684,-48.84376554738936,-57.74946501097745,-55.48107635220429,-45.840629686435086,-51.71868807231677,4.345677607893896,4
11,0.23907127380371093,0.002626309082606708,0.004013776779174805,2.9896967330063588e-05,0,0.01,3,500,"{'gamma': 0, 'learning_rate': 0.01, 'max_depth': 3, 'n_estimators': 500}",-0.10097672681223524,-0.05993416732586421,-0.2471711273290862,-0.39101090720400156,-0.11235851126902219,-0.18229028798804187,0.1218582693863325,5,-50.678503764577684,-48.84376554738936,-57.74980775088325,-55.48107635220429,-45.840629686435086,-51.71875662029794,4.345772737467257,5
47,0.28452420234680176,0.003039682245996158,0.005454111099243164,0.0005004925471435153,0.01,0.01,3,500,"{'gamma': 0.01, 'learning_rate': 0.01, 'max_depth': 3, 'n_estimators': 500}",-0.10097672681223524,-0.05993416732586421,-0.2471711273290862,-0.39101090720400156,-0.11235851126902219,-0.18229028798804187,0.1218582693863325,5,-50.678503764577684,-48.84376554738936,-57.74980775088325,-55.48107635220429,-45.840629686435086,-51.71875662029794,4.345772737467257,5
85,0.19977340698242188,0.003588173262920752,0.005193376541137695,0.0003709408352766869,0.1,0.01,6,200,"{'gamma': 0.1, 'learning_rate': 0.01, 'max_depth': 6, 'n_estimators': 200}",-0.15307598994020166,0.028308546223089648,-0.5025455686106626,-0.5280103195400483,-0.2100125854311401,-0.2730671834597926,0.21300583615600177,7,-51.86372185430002,-46.76639391913267,-63.38716739287925,-58.149067403749,-47.81048257810684,-53.59536662963355,6.3200300367259725,7
13,0.15989294052124023,0.0028404639693262504,0.005386257171630859,0.0004908896602118131,0,0.01,6,200,"{'gamma': 0, 'learning_rate': 0.01, 'max_depth': 6, 'n_estimators': 200}",-0.15307598994020166,0.028308546223089648,-0.5025455686106626,-0.5280103195400483,-0.2100125854311401,-0.2730671834597926,0.21300583615600177,7,-51.86372185430002,-46.76639391913267,-63.38716739287925,-58.149067403749,-47.81048257810684,-53.59536662963355,6.3200300367259725,7
49,0.19738540649414063,0.0030651636147025394,0.005425930023193359,0.0005176531319753325,0.01,0.01,6,200,"{'gamma': 0.01, 'learning_rate': 0.01, 'max_depth': 6, 'n_estimators': 200}",-0.15307598994020166,0.028308546223089648,-0.5025455686106626,-0.5280103195400483,-0.2100125854311401,-0.2730671834597926,0.21300583615600177,7,-51.86372185430002,-46.76639391913267,-63.38716739287925,-58.149067403749,-47.81048257810684,-53.59536662963355,6.3200300367259725,7
18,0.05477519035339355,0.0011615821723860993,0.005396461486816407,0.0004803640965002808,0,0.1,3,100,"{'gamma': 0, 'learning_rate': 0.1, 'max_depth': 3, 'n_estimators': 100}",-0.1424333766761856,-0.16213576471970326,-0.4058019998939082,-0.5434712156978156,-0.27025518581216135,-0.3048195085599548,0.15170675651880788,10,-51.62382219551647,-51.144404390709575,-61.312580810645876,-58.44251239214046,-48.986191039916015,-54.30190216578568,4.726371915297289,10
54,0.06411309242248535,0.005395893899319623,0.0059678077697753905,0.0006315645319826559,0.01,0.1,3,100,"{'gamma': 0.01, 'learning_rate': 0.1, 'max_depth': 3, 'n_estimators': 100}",-0.1424333766761856,-0.16213576471970326,-0.4058019998939082,-0.5434712156978156,-0.27025518581216135,-0.3048195085599548,0.15170675651880788,10,-51.62382219551647,-51.144404390709575,-61.312580810645876,-58.44251239214046,-48.986191039916015,-54.30190216578568,4.726371915297289,10
90,0.06725845336914063,0.0028870205296628224,0.006403350830078125,0.0005306048967289927,0.1,0.1,3,100,"{'gamma': 0.1, 'learning_rate': 0.1, 'max_depth': 3, 'n_estimators': 100}",-0.1424333766761856,-0.16213576471970326,-0.4058019998939082,-0.5434712156978156,-0.27025518581216135,-0.3048195085599548,0.15170675651880788,10,-51.62382219551647,-51.144404390709575,-61.312580810645876,-58.44251239214046,-48.986191039916015,-54.30190216578568,4.726371915297289,10
52,0.22759056091308594,0.007670032540793397,0.004999542236328125,2.485076547964559e-05,0.01,0.01,9,200,"{'gamma': 0.01, 'learning_rate': 0.01, 'max_depth': 9, 'n_estimators': 200}",-0.20881889328372272,0.008558956678673457,-0.618816252750263,-0.6330932031242125,-0.3360863852853557,-0.3576511555529761,0.24527594968683739,13,-53.10254486523387,-47.23926576399169,-65.79400094596689,-60.11531067748397,-50.23951669641527,-55.29812778981834,6.76349010507913,13
16,0.19438352584838867,0.0035483981274275675,0.004216670989990234,0.0007218774255011928,0,0.01,9,200,"{'gamma': 0, 'learning_rate': 0.01, 'max_depth': 9, 'n_estimators': 200}",-0.20881889328372272,0.008558956678673457,-0.618816252750263,-0.6330932031242125,-0.3360863852853557,-0.3576511555529761,0.24527594968683739,13,-53.10254486523387,-47.23926576399169,-65.79400094596689,-60.11531067748397,-50.23951669641527,-55.29812778981834,6.76349010507913,13
88,0.23178791999816895,0.00827756336924573,0.005400991439819336,0.000508989563007242,0.1,0.01,9,200,"{'gamma': 0.1, 'learning_rate': 0.01, 'max_depth': 9, 'n_estimators': 200}",-0.2098205206147261,0.008569415193638186,-0.6187840173978891,-0.6330932031242125,-0.33719409277005963,-0.3580644837426498,0.24513169251914937,15,-53.12454069399187,-47.23901660451107,-65.79334586749229,-60.11531067748397,-50.260338388598655,-55.306510446415565,6.758810222780693,15
86,0.4124269962310791,0.008808803207046988,0.0057623863220214845,0.00036444890159954347,0.1,0.01,6,500,"{'gamma': 0.1, 'learning_rate': 0.01, 'max_depth': 6, 'n_estimators': 500}",-0.20959767457425205,-0.2456053092821746,-0.43623690143267857,-0.6338977545822295,-0.3260306344819077,-0.3702736548706485,0.15307856004995504,16,-53.11964776212542,-52.949262724700674,-61.9727201872358,-60.130116906947435,-50.050101468169466,-55.644369809835766,4.584836036664667,16
50,0.40230722427368165,0.009440780640641864,0.005423307418823242,0.0005039811685593549,0.01,0.01,6,500,"{'gamma': 0.01, 'learning_rate': 0.01, 'max_depth': 6, 'n_estimators': 500}",-0.20959810298623882,-0.24654756661869137,-0.43615315827145973,-0.633908809165028,-0.326029217819652,-0.370447370972214,0.15292207215388456,17,-53.11965716901015,-52.96928608165799,-61.9709134284951,-60.13032031999144,-50.05007473269792,-55.64805034637052,4.582034977784741,17
14,0.3461310386657715,0.012648053092200295,0.004409265518188476,0.0004874145230555133,0,0.01,6,500,"{'gamma': 0, 'learning_rate': 0.01, 'max_depth': 6, 'n_estimators': 500}",-0.2096578053206437,-0.2465475894411071,-0.43615315827145973,-0.6339088748275508,-0.326029217819652,-0.37045932913608265,0.152909532991702,18,-53.120968070704066,-52.969286566552064,-61.9709134284951,-60.130321528231605,-50.05007473269792,-55.64831286533615,4.581890512567562,18
91,0.13407478332519532,0.0024848503403117946,0.006609010696411133,0.0005103498220342764,0.1,0.1,3,200,"{'gamma': 0.1, 'learning_rate': 0.1, 'max_depth': 3, 'n_estimators': 200}",-0.3361520180991515,-0.27594681391022635,-0.5809184315473919,-0.6744895227071779,-0.5188177205884519,-0.47726490137047983,0.14953933297183267,19,-55.82936020183338,-53.59027403621044,-65.01929409825925,-60.872456429208995,-53.56498792477856,-57.77527453805813,4.496569363988526,19
19,0.10473213195800782,0.0014106151366676553,0.005200433731079102,0.00039300718980415163,0,0.1,3,200,"{'gamma': 0, 'learning_rate': 0.1, 'max_depth': 3, 'n_estimators': 200}",-0.3361520180991515,-0.27594681391022635,-0.5809184315473919,-0.6744895227071779,-0.5188177205884519,-0.47726490137047983,0.14953933297183267,19,-55.82936020183338,-53.59027403621044,-65.01929409825925,-60.872456429208995,-53.56498792477856,-57.77527453805813,4.496569363988526,19
55,0.13332548141479492,0.0019654591613465643,0.006775903701782227,0.0004049157116718669,0.01,0.1,3,200,"{'gamma': 0.01, 'learning_rate': 0.1, 'max_depth': 3, 'n_estimators': 200}",-0.3361520180991515,-0.27594681391022635,-0.5809184315473919,-0.6744895227071779,-0.5188177205884519,-0.47726490137047983,0.14953933297183267,19,-55.82936020183338,-53.59027403621044,-65.01929409825925,-60.872456429208995,-53.56498792477856,-57.77527453805813,4.496569363988526,19
53,0.507582712173462,0.017129391657538247,0.0055850505828857425,0.0005033422121225565,0.01,0.01,9,500,"{'gamma': 0.01, 'learning_rate': 0.01, 'max_depth': 9, 'n_estimators': 500}",-0.29847991353742986,-0.37518692458655467,-0.605950486490958,-0.753279757817503,-0.6075378045834454,-0.5280869774031782,0.16684410583907475,22,-55.03669329984653,-55.635316001443044,-65.53202592176966,-62.28811950861494,-55.10725532732922,-58.71988201180068,4.3650686502109926,22
17,0.45057315826416017,0.031647598314554916,0.010360431671142579,0.010777300362673457,0,0.01,9,500,"{'gamma': 0, 'learning_rate': 0.01, 'max_depth': 9, 'n_estimators': 500}",-0.2991114923360829,-0.37518696001002616,-0.605950486490958,-0.7532797792710957,-0.6075376713752307,-0.5282132778966787,0.16667036038521732,23,-55.05007655764538,-55.63531671799873,-65.53202592176966,-62.28811988970185,-55.10725304410477,-58.722558426244085,4.362813165120777,23
89,0.5167327880859375,0.01953214105316471,0.00574951171875,0.0003810247985597351,0.1,0.01,9,500,"{'gamma': 0.1, 'learning_rate': 0.01, 'max_depth': 9, 'n_estimators': 500}",-0.30307886383150606,-0.3742194337891771,-0.6024824149392214,-0.7526920378210538,-0.6232107254538097,-0.5311366951669536,0.16690596753465256,24,-55.13407150853014,-55.61574188906935,-65.4612290362425,-62.27767877843959,-55.37524177169871,-58.77279259679606,4.284157352134939,24
45,0.0657799243927002,0.002696942890627664,0.006041526794433594,3.3566762001888e-05,0.01,0.01,3,100,"{'gamma': 0.01, 'learning_rate': 0.01, 'max_depth': 3, 'n_estimators': 100}",-0.36747253225592136,-0.10420540175591642,-0.8612155815046796,-0.8139485809817475,-0.6040458543002925,-0.5501775901597115,0.2833703896154176,25,-56.47991321850482,-49.85338198883089,-70.5481871853592,-63.356634039080454,-55.04736982705261,-59.0570972517656,7.1827478119501995,25
81,0.06817874908447266,0.001991727773844343,0.006768608093261718,0.0003929547466794009,0.1,0.01,3,100,"{'gamma': 0.1, 'learning_rate': 0.01, 'max_depth': 3, 'n_estimators': 100}",-0.36747253225592136,-0.10420540175591642,-0.8612155815046796,-0.8139485809817475,-0.6040458543002925,-0.5501775901597115,0.2833703896154176,25,-56.47991321850482,-49.85338198883089,-70.5481871853592,-63.356634039080454,-55.04736982705261,-59.0570972517656,7.1827478119501995,25
9,0.052809619903564455,0.0011653622762091665,0.005000448226928711,2.8205069060255156e-05,0,0.01,3,100,"{'gamma': 0, 'learning_rate': 0.01, 'max_depth': 3, 'n_estimators': 100}",-0.36747253225592136,-0.10420540175591642,-0.8612155815046796,-0.8139485809817475,-0.6040458543002925,-0.5501775901597115,0.2833703896154176,25,-56.47991321850482,-49.85338198883089,-70.5481871853592,-63.356634039080454,-55.04736982705261,-59.0570972517656,7.1827478119501995,25
93,0.11306290626525879,0.0034205522416675053,0.006589746475219727,0.0004795021591335078,0.1,0.1,6,100,"{'gamma': 0.1, 'learning_rate': 0.1, 'max_depth': 6, 'n_estimators': 100}",-0.41116263823445487,-0.4294274110723322,-0.6443167157884235,-0.7572850372405575,-0.597377005701375,-0.5679137616074286,0.1313897698896379,28,-57.37507281874449,-56.72189674176696,-66.3101872974398,-62.359225960077524,-54.93282044299523,-59.5398406522048,4.186602204034123,28
21,0.08856959342956543,0.003061064300018154,0.005799770355224609,0.00040745535672024756,0,0.1,6,100,"{'gamma': 0, 'learning_rate': 0.1, 'max_depth': 6, 'n_estimators': 100}",-0.41593791434548777,-0.4294274110723322,-0.6443167157884235,-0.7571584082540321,-0.5973936239282658,-0.5688468146777084,0.13022348825752683,29,-57.47206745801563,-56.72189674176696,-66.3101872974398,-62.356979133957765,-54.93310618759289,-59.5588473637546,4.176375292978892,29
57,0.1126319408416748,0.004057898517475859,0.006406354904174805,0.0004938712597184254,0.01,0.1,6,100,"{'gamma': 0.01, 'learning_rate': 0.1, 'max_depth': 6, 'n_estimators': 100}",-0.41593791434548777,-0.4294274110723322,-0.6443167157884235,-0.7571584082540321,-0.5973936239282658,-0.5688468146777084,0.13022348825752683,29,-57.47206745801563,-56.72189674176696,-66.3101872974398,-62.356979133957765,-54.93310618759289,-59.5588473637546,4.176375292978892,29
12,0.07149925231933593,0.004692764906927464,0.005398702621459961,0.0005055241571462152,0,0.01,6,100,"{'gamma': 0, 'learning_rate': 0.01, 'max_depth': 6, 'n_estimators': 100}",-0.4426379128481408,-0.10969453689144526,-0.9756035961201703,-0.9002479863962887,-0.6282233182152281,-0.6112814700942546,0.31513469698970115,31,-58.011405223971416,-49.97714189071962,-72.68376620103514,-64.84623274835295,-55.46067725155916,-60.19584466312765,7.863711160894455,31
84,0.09277458190917968,0.007032582966196155,0.00661778450012207,0.0005054859830407977,0.1,0.01,6,100,"{'gamma': 0.1, 'learning_rate': 0.01, 'max_depth': 6, 'n_estimators': 100}",-0.4426379128481408,-0.10969453689144526,-0.9756035961201703,-0.9002479863962887,-0.6282233182152281,-0.6112814700942546,0.31513469698970115,31,-58.011405223971416,-49.97714189071962,-72.68376620103514,-64.84623274835295,-55.46067725155916,-60.19584466312765,7.863711160894455,31
48,0.09039053916931153,0.007572857883227033,0.006593227386474609,0.0004978718171308721,0.01,0.01,6,100,"{'gamma': 0.01, 'learning_rate': 0.01, 'max_depth': 6, 'n_estimators': 100}",-0.4426379128481408,-0.10969453689144526,-0.9756035961201703,-0.9002479863962887,-0.6282233182152281,-0.6112814700942546,0.31513469698970115,31,-58.011405223971416,-49.97714189071962,-72.68376620103514,-64.84623274835295,-55.46067725155916,-60.19584466312765,7.863711160894455,31
87,0.10450596809387207,0.010772536384895181,0.006232404708862304,0.0007540114364010162,0.1,0.01,9,100,"{'gamma': 0.1, 'learning_rate': 0.01, 'max_depth': 9, 'n_estimators': 100}",-0.4489192023261661,-0.08811687799819357,-1.0312493125995261,-0.9675229746999561,-0.6745020169041878,-0.6420620769056059,0.3471608571024887,34,-58.13755976688657,-49.48886177597648,-73.70027941958418,-65.98413326612703,-56.24332935171872,-60.7108327160586,8.3551945054135,34
51,0.10102872848510742,0.008750686926514423,0.006409883499145508,0.0008017054646679851,0.01,0.01,9,100,"{'gamma': 0.01, 'learning_rate': 0.01, 'max_depth': 9, 'n_estimators': 100}",-0.4489192023261661,-0.08811687799819357,-1.0312493125995261,-0.9675229746999561,-0.6745020169041878,-0.6420620769056059,0.3471608571024887,34,-58.13755976688657,-49.48886177597648,-73.70027941958418,-65.98413326612703,-56.24332935171872,-60.7108327160586,8.3551945054135,34
15,0.08548831939697266,0.008792112872175083,0.0054290771484375,0.00048327005842601224,0,0.01,9,100,"{'gamma': 0, 'learning_rate': 0.01, 'max_depth': 9, 'n_estimators': 100}",-0.4489192023261661,-0.08811687799819357,-1.0312493125995261,-0.9675229746999561,-0.6745020169041878,-0.6420620769056059,0.3471608571024887,34,-58.13755976688657,-49.48886177597648,-73.70027941958418,-65.98413326612703,-56.24332935171872,-60.7108327160586,8.3551945054135,34
24,0.15346570014953614,0.01018951245932885,0.006420612335205078,0.00046117073474715776,0,0.1,9,100,"{'gamma': 0, 'learning_rate': 0.1, 'max_depth': 9, 'n_estimators': 100}",-0.5426079646450672,-0.6236547788003848,-0.8937294844542851,-0.8669397218676571,-0.8898553206420527,-0.7633574540818894,0.14964961564585688,37,-59.9877398792175,-60.45281650220659,-71.16172862705028,-64.27539559554717,-59.750626373273164,-63.12566139545894,4.342390538585062,37
60,0.15113396644592286,0.008412084170291163,0.0061836719512939455,0.0007463402800323651,0.01,0.1,9,100,"{'gamma': 0.01, 'learning_rate': 0.1, 'max_depth': 9, 'n_estimators': 100}",-0.5426076960505963,-0.6236547788003848,-0.8977238285897056,-0.8669393987129863,-0.8898569258522122,-0.7641565256011771,0.15035275773016224,38,-59.98773465677073,-60.45281650220659,-71.23673794283198,-64.27539003272825,-59.75065174883792,-63.1406661766751,4.370164462235944,38
96,0.15800743103027343,0.010878647466964611,0.006398391723632812,0.0007709781431955224,0.1,0.1,9,100,"{'gamma': 0.1, 'learning_rate': 0.1, 'max_depth': 9, 'n_estimators': 100}",-0.5517238613332838,-0.6236323714741923,-0.8944271598678519,-0.8623619335958548,-0.8898674781460609,-0.7644025608834488,0.1464871024873141,39,-60.164724749052205,-60.45239935976047,-71.17483588892992,-64.1965446983268,-59.75081856187709,-63.1478646515893,4.318253722020301,39
92,0.2902189254760742,0.0027969771288913745,0.004987668991088867,4.1019083342755444e-07,0.1,0.1,3,500,"{'gamma': 0.1, 'learning_rate': 0.1, 'max_depth': 3, 'n_estimators': 500}",-0.6439639288050634,-0.6164486600111632,-0.920098835587984,-0.8701727468191935,-0.9026632195070703,-0.7906694781460948,0.13228056401498675,40,-61.927116288488754,-60.318516214804845,-71.6554637124397,-64.33102515560138,-59.95275500596695,-63.636975275460316,4.2962106404787805,40
56,0.28234572410583497,0.005349536887266909,0.005009937286376953,4.9921320742169497e-05,0.01,0.1,3,500,"{'gamma': 0.01, 'learning_rate': 0.1, 'max_depth': 3, 'n_estimators': 500}",-0.6439639288050634,-0.621052887528915,-0.920098835587984,-0.8701727468191935,-0.917723813995571,-0.7946024425473454,0.13373892292883252,41,-61.927116288488754,-60.40435955101782,-71.6554637124397,-64.33102515560138,-60.18956632856192,-63.701506207221904,4.242996381537962,41
20,0.23712987899780275,0.003999044625498672,0.004387903213500977,0.0004889673017860411,0,0.1,3,500,"{'gamma': 0, 'learning_rate': 0.1, 'max_depth': 3, 'n_estimators': 500}",-0.6439639288050634,-0.621052887528915,-0.920098835587984,-0.8701727468191935,-0.917723813995571,-0.7946024425473454,0.13373892292883252,41,-61.927116288488754,-60.40435955101782,-71.6554637124397,-64.33102515560138,-60.18956632856192,-63.701506207221904,4.242996381537962,41
58,0.20584611892700194,0.005585750940240515,0.005195045471191406,0.00041775742889915127,0.01,0.1,6,200,"{'gamma': 0.01, 'learning_rate': 0.1, 'max_depth': 6, 'n_estimators': 200}",-0.6271511060378268,-0.6981285855221915,-0.9417927782783992,-0.903578251145803,-0.9414724033900299,-0.8224246248748501,0.1331076956686194,43,-61.60963811174174,-61.82369791128483,-72.05912089263103,-64.9030307530898,-60.56110551865494,-64.19131863748046,4.191849138264402,43
22,0.20263805389404296,0.0065354658784276655,0.0052048683166503905,0.0003913729799118453,0,0.1,6,200,"{'gamma': 0, 'learning_rate': 0.1, 'max_depth': 6, 'n_estimators': 200}",-0.6271528143424803,-0.6981285855221915,-0.9417927782783992,-0.903578251145803,-0.9414724033900299,-0.8224249665357808,0.13310719444121852,44,-61.609670452931034,-61.82369791128483,-72.05912089263103,-64.9030307530898,-60.56110551865494,-64.19132510571833,4.191845154617228,44
94,0.20922398567199707,0.005305499476095205,0.0051974296569824215,0.000422765626178519,0.1,0.1,6,200,"{'gamma': 0.1, 'learning_rate': 0.1, 'max_depth': 6, 'n_estimators': 200}",-0.6284077791976788,-0.6981285855221915,-0.9443657124505331,-0.9052437820780208,-0.9466320323767743,-0.8245555783250398,0.13433202053834786,45,-61.63342454292068,-61.82369791128483,-72.10684534629505,-64.93141791567922,-60.64152528268132,-64.22738219977222,4.193954937306613,45
61,0.25393123626708985,0.006864342731169098,0.004986810684204102,2.7804145311571603e-07,0.01,0.1,9,200,"{'gamma': 0.01, 'learning_rate': 0.1, 'max_depth': 9, 'n_estimators': 200}",-0.8110692413680092,-0.9026374996512543,-1.0980219864684457,-0.9672267280608158,-1.1870872365381162,-0.9932085384173283,0.134631125331079,46,-64.998336557953,-65.44066712023162,-74.90184858905329,-65.97916551890503,-64.27783443056131,-67.11957044334085,3.9308571497856257,46
25,0.25156545639038086,0.002692471495915091,0.004986953735351562,6.975526255763909e-07,0,0.1,9,200,"{'gamma': 0, 'learning_rate': 0.1, 'max_depth': 9, 'n_estimators': 200}",-0.8110764161168131,-0.9009022995249596,-1.1037587711939758,-0.9663940334640251,-1.187086551013091,-0.993843614262573,0.13580838745559362,47,-64.99846530683376,-65.41081945991495,-75.0041836567811,-65.96520009516244,-64.27782435687362,-67.13129857511318,3.9747565063627035,48
97,0.2611269950866699,0.006750529455686992,0.005186033248901367,0.0003987791007120299,0.1,0.1,9,200,"{'gamma': 0.1, 'learning_rate': 0.1, 'max_depth': 9, 'n_estimators': 200}",-0.8019294640991141,-0.9062433102686336,-1.0986361552794923,-0.9671890290978007,-1.1959521561113386,-0.9939900229712759,0.139315866552641,48,-64.8341181740432,-65.5026481752867,-74.9128110607128,-65.97853331977875,-64.40797134959425,-67.12721641588314,3.9300578131751895,47
27,0.0643388271331787,0.0024295229885486847,0.0057848930358886715,0.00039930411958966257,0,1,3,100,"{'gamma': 0, 'learning_rate': 1, 'max_depth': 3, 'n_estimators': 100}",-0.863512475970871,-0.9247836199680277,-1.151819021195581,-0.9851852445984493,-1.2139602136625243,-1.0278521150790907,0.13375732628437717,49,-65.93270097454433,-65.8204199705168,-75.85607892062505,-66.27963826700105,-64.67152314621133,-67.71207225577972,4.107704008367118,49
63,0.06606001853942871,0.0028787106036121113,0.006224822998046875,0.0007612140696112886,0.01,1,3,100,"{'gamma': 0.01, 'learning_rate': 1, 'max_depth': 3, 'n_estimators': 100}",-0.863512475970871,-0.9247836199680277,-1.151819021195581,-0.9851852445984493,-1.2139602136625243,-1.0278521150790907,0.13375732628437717,49,-65.93270097454433,-65.8204199705168,-75.85607892062505,-66.27963826700105,-64.67152314621133,-67.71207225577972,4.107704008367118,49
99,0.06830568313598633,0.002414990520277467,0.0062392234802246095,0.00040809757666072303,0.1,1,3,100,"{'gamma': 0.1, 'learning_rate': 1, 'max_depth': 3, 'n_estimators': 100}",-0.863512475970871,-0.9247836199680277,-1.1573285782277751,-0.9851852445984493,-1.2139602136625243,-1.0289540264855295,0.13479273075903345,51,-65.93270097454433,-65.8204199705168,-75.95312848887068,-66.27963826700105,-64.67152314621133,-67.73148216942883,4.1461895918532035,51
23,0.39999876022338865,0.006826916917209515,0.005578374862670899,0.0005192655635933585,0,0.1,6,500,"{'gamma': 0, 'learning_rate': 0.1, 'max_depth': 6, 'n_estimators': 500}",-0.8853909003522054,-0.9467489738650869,-1.1529890827236287,-0.9973279354014755,-1.254622335678079,-1.047415845604095,0.13636343983835164,52,-66.31861048776216,-66.19492114710165,-75.87669966442586,-66.48203404212433,-65.26270735842397,-68.02699453996759,3.947686058682125,52
59,0.40114078521728513,0.0038244083880861974,0.005390167236328125,0.0004531977351762303,0.01,0.1,6,500,"{'gamma': 0.01, 'learning_rate': 0.1, 'max_depth': 6, 'n_estimators': 500}",-0.8873139282723543,-0.9465081859929023,-1.1533199183847507,-0.997474976641505,-1.2542588136257864,-1.0477751645834599,0.13587355194823947,53,-66.35242311424271,-66.19082728926035,-75.88252917699292,-66.48448116676549,-65.25744585867835,-68.03354132118797,3.94802880356122,53
95,0.40866918563842775,0.002366593657429208,0.0057910442352294925,0.0004225162979322182,0.1,0.1,6,500,"{'gamma': 0.1, 'learning_rate': 0.1, 'max_depth': 6, 'n_estimators': 500}",-0.8866708484476289,-0.9481154725788647,-1.1563876723061925,-0.9959910874036297,-1.251834351125094,-1.0477998863722822,0.1356503379482934,54,-66.34111775072516,-66.21814946463806,-75.93656343174185,-66.4597814993271,-65.2223441231796,-68.03559125392235,3.9748517523666687,54
98,0.5129354000091553,0.005261422493588578,0.0058039665222167965,0.00039074317859953873,0.1,0.1,9,500,"{'gamma': 0.1, 'learning_rate': 0.1, 'max_depth': 9, 'n_estimators': 500}",-0.9139817975519702,-0.9773514676537565,-1.172747588228452,-0.999275841699029,-1.284722548332745,-1.0696158486931906,0.13754231232355155,55,-66.81956077104215,-66.7131776458853,-76.22407398207022,-66.51444464725624,-65.69690608606311,-68.3936326264634,3.934999986436409,55
101,0.28383684158325195,0.002619959169148567,0.004803180694580078,0.0004117221166438265,0.1,1,3,500,"{'gamma': 0.1, 'learning_rate': 1, 'max_depth': 3, 'n_estimators': 500}",-0.9144635071248521,-0.981434427822385,-1.1769649922183003,-1.0062605960202498,-1.2902264578855225,-1.073869996214262,0.13853843565618598,56,-66.82796879172858,-66.78201891813538,-76.2980153526069,-66.63053217681004,-65.77599059529167,-68.46290516691451,3.9361008077600097,56
100,0.13385939598083496,0.0017722468939228204,0.006594419479370117,0.0004987278567122826,0.1,1,3,200,"{'gamma': 0.1, 'learning_rate': 1, 'max_depth': 3, 'n_estimators': 200}",-0.9144635071248521,-0.9814344317307435,-1.1769649922183003,-1.0062605960202498,-1.2902264583240775,-1.0738699970836447,0.13853843527161813,57,-66.82796879172858,-66.7820189839988,-76.2980153526069,-66.63053217681004,-65.77599060158938,-68.46290518134674,3.9361008012748955,57
105,0.1286099910736084,0.004540069097826525,0.006792688369750976,0.0003761795389341947,0.1,1,9,100,"{'gamma': 0.1, 'learning_rate': 1, 'max_depth': 9, 'n_estimators': 100}",-0.9188621751454782,-0.9861430304200054,-1.1779833202894556,-1.0070802786057547,-1.2867962463764098,-1.0753730101674208,0.13590451685029883,58,-66.90469665693196,-66.86132091100988,-76.31585838800594,-66.64414215091729,-65.726713785613,-68.49054637849562,3.935804420511096,58
106,0.230507230758667,0.008927958246804894,0.004986286163330078,3.015782985847835e-07,0.1,1,9,200,"{'gamma': 0.1, 'learning_rate': 1, 'max_depth': 9, 'n_estimators': 200}",-0.9188621751454782,-0.9861430340617827,-1.1779833202894556,-1.0070802786057547,-1.2867962463764098,-1.0753730108957762,0.13590451637208706,59,-66.90469665693196,-66.8613209723081,-76.31585838800594,-66.64414215091729,-65.726713785613,-68.49054639075527,3.9358044154362184,59
107,0.47833914756774903,0.02154209334643938,0.004839181900024414,0.0004324283154432226,0.1,1,9,500,"{'gamma': 0.1, 'learning_rate': 1, 'max_depth': 9, 'n_estimators': 500}",-0.9188621751454782,-0.9861430357259069,-1.1779833202894556,-1.0070802786057547,-1.2867962463764098,-1.075373011228601,0.13590451615356633,60,-66.90469665693196,-66.86132100031855,-76.31585838800594,-66.64414215091729,-65.726713785613,-68.49054639635736,3.9358044131172347,60
102,0.10439143180847169,0.005555778972807299,0.006800985336303711,0.00038272272201701795,0.1,1,6,100,"{'gamma': 0.1, 'learning_rate': 1, 'max_depth': 6, 'n_estimators': 100}",-0.9178318672148456,-0.979336483754792,-1.177954719748922,-1.0076691490568699,-1.2954151744104299,-1.0756414788371718,0.13969054352085664,61,-66.88673244458961,-66.74665513221083,-76.31535730933687,-66.65391801497296,-65.85045918752743,-68.49062441772756,3.9289771189975684,61
103,0.19658536911010743,0.011114463875724066,0.005799436569213867,0.0009652370754045847,0.1,1,6,200,"{'gamma': 0.1, 'learning_rate': 1, 'max_depth': 6, 'n_estimators': 200}",-0.9178318672148456,-0.9793364883839146,-1.177954719748922,-1.0076691490568699,-1.2954151744104299,-1.0756414797629965,0.13969054288257773,62,-66.88673244458961,-66.74665521026186,-76.31535730933687,-66.65391801497296,-65.85045918752743,-68.49062443333776,3.9289771120686097,62
104,0.3821883201599121,0.013764648208438915,0.00500645637512207,7.333774095370309e-05,0.1,1,6,500,"{'gamma': 0.1, 'learning_rate': 1, 'max_depth': 6, 'n_estimators': 500}",-0.9178318672148456,-0.9793364916157978,-1.177954719748922,-1.0076691490568699,-1.2954151744104299,-1.075641480409373,0.1396905424369549,63,-66.88673244458961,-66.74665526475421,-76.31535730933687,-66.65391801497296,-65.85045918752743,-68.49062444423623,3.928977107231067,63
28,0.12874927520751953,0.0021055766140163426,0.006597089767456055,0.00047151297784587154,0,1,3,200,"{'gamma': 0, 'learning_rate': 1, 'max_depth': 3, 'n_estimators': 200}",-0.9217304725778759,-0.9885841016414143,-1.1792486475084916,-1.0079596512208644,-1.2940391044078696,-1.0783123954713032,0.1372914519102414,64,-66.95468224529859,-66.90239628303566,-76.338023505373,-66.65874012598654,-65.83071800361986,-68.53691203266274,3.9213122517674637,64
64,0.13234834671020507,0.0026771008801606297,0.006995296478271485,2.7014245385640148e-05,0.01,1,3,200,"{'gamma': 0.01, 'learning_rate': 1, 'max_depth': 3, 'n_estimators': 200}",-0.9216085366404456,-0.9871582499099458,-1.1804749151561427,-1.0086638467187456,-1.294349932903451,-1.078451096265746,0.1377137609590195,65,-66.95255803704666,-66.87840685174791,-76.35949826539344,-66.67042777863114,-65.83517768565538,-68.53921372369491,3.9303124010819555,65
62,0.516938591003418,0.0064489785280435535,0.005543279647827149,0.0004895323319711674,0.01,0.1,9,500,"{'gamma': 0.01, 'learning_rate': 0.1, 'max_depth': 9, 'n_estimators': 500}",-0.9227827149110988,-0.98810608380691,-1.1791713303178017,-1.007786510841552,-1.2973207604686796,-1.0790334800692083,0.1381558174412279,66,-66.9730102342252,-66.89435476729653,-76.33666930151034,-66.65586617173477,-65.87778707268279,-68.54753750948993,3.9137887331336128,66
65,0.28783507347106935,0.011718455835550413,0.006037998199462891,0.0020213862873913933,0.01,1,3,500,"{'gamma': 0.01, 'learning_rate': 1, 'max_depth': 3, 'n_estimators': 500}",-0.9231755208143084,-0.9894926551203829,-1.180610558112848,-1.0085992432301274,-1.2992512538997687,-1.080225846235487,0.13861955599706782,67,-66.97985085384447,-66.91767787549254,-76.36187331382176,-66.66935562888797,-65.90546059812516,-68.56684365403439,3.9162278249812745,67
26,0.5182100772857666,0.006933182272262384,0.005800104141235352,0.00039381341470593536,0,0.1,9,500,"{'gamma': 0, 'learning_rate': 0.1, 'max_depth': 9, 'n_estimators': 500}",-0.9223246057205794,-0.9897689978235733,-1.181157506402402,-1.0095968953426304,-1.2990691908374736,-1.0803834392253318,0.13869619836741698,68,-66.96503149098402,-66.92232518339922,-76.37144938809973,-66.68591059043281,-65.90285122964104,-68.56951357651135,3.9196133241611113,68
68,0.3689549922943115,0.012575041418827284,0.0048061847686767575,0.0004091499172843918,0.01,1,6,500,"{'gamma': 0.01, 'learning_rate': 1, 'max_depth': 6, 'n_estimators': 500}",-0.9228362013117941,-0.9898777934667673,-1.1814027732740842,-1.0095043570321973,-1.2990348822675029,-1.0805312014704689,0.138599782545697,69,-66.97394172802386,-66.92415473192928,-76.37574317703405,-66.68437518983767,-65.90235949998215,-68.5721148653614,3.9206555471896696,69
67,0.19095582962036134,0.00408498790071754,0.006428050994873047,0.0008143802054003072,0.01,1,6,200,"{'gamma': 0.01, 'learning_rate': 1, 'max_depth': 6, 'n_estimators': 200}",-0.9228362013117941,-0.98987779744441,-1.1814027732740842,-1.0095043570321973,-1.2990348822675029,-1.0805312022659976,0.13859978202536882,70,-66.97394172802386,-66.92415479881791,-76.37574317703405,-66.68437518983767,-65.90235949998215,-68.57211487873913,3.920655541566641,70
66,0.10479154586791992,0.0027352000148664108,0.006805849075317383,0.00041139998450208745,0.01,1,6,100,"{'gamma': 0.01, 'learning_rate': 1, 'max_depth': 6, 'n_estimators': 100}",-0.9228362013117941,-0.9898778037352083,-1.1814027732740842,-1.0095043570321973,-1.2990348822675029,-1.0805312035241574,0.1385997812024494,71,-66.97394172802386,-66.92415490460489,-76.37574317703405,-66.68437518983767,-65.90235949998215,-68.57211489989652,3.9206555326736017,71
71,0.4637458324432373,0.013344995439174959,0.004791641235351562,0.0003803124934993072,0.01,1,9,500,"{'gamma': 0.01, 'learning_rate': 1, 'max_depth': 9, 'n_estimators': 500}",-0.9243106207165843,-0.9908954457389183,-1.1814960767355016,-1.0099086647012738,-1.2995429498967632,-1.0812307515578083,0.13826394062861513,72,-66.99961441837107,-66.94126553467243,-76.37737654000021,-66.69108322413872,-65.90964103497716,-68.58379615043191,3.9161435539427383,72
70,0.2294600009918213,0.0067411180967910855,0.004786968231201172,0.000399351390439981,0.01,1,9,200,"{'gamma': 0.01, 'learning_rate': 1, 'max_depth': 9, 'n_estimators': 200}",-0.9243106207165843,-0.9908954490937263,-1.1814960767355016,-1.0099086647012738,-1.2995429498967632,-1.08123075222877,0.13826394019023966,73,-66.99961441837107,-66.94126559107295,-76.37737654000021,-66.69108322413872,-65.90964103497716,-68.58379616171202,3.9161435492115744,73
69,0.1324242115020752,0.0062865116878938355,0.006810665130615234,0.0004147575816293695,0.01,1,9,100,"{'gamma': 0.01, 'learning_rate': 1, 'max_depth': 9, 'n_estimators': 100}",-0.9243106207165843,-0.9908954534519001,-1.1814960767355016,-1.0099086647012738,-1.2995429498967632,-1.0812307531004044,0.1382639396207536,74,-66.99961441837107,-66.94126566434191,-76.37737654000021,-66.69108322413872,-65.90964103497716,-68.58379617636581,3.9161435430653997,74
30,0.1048154354095459,0.0022908178943392634,0.006612968444824219,0.00048101791565888723,0,1,6,100,"{'gamma': 0, 'learning_rate': 1, 'max_depth': 6, 'n_estimators': 100}",-0.926070117405448,-0.9922042599777321,-1.1828703807669383,-1.010492404480765,-1.3017862310728567,-1.082684678740748,0.1385418468112997,75,-67.03023802548091,-66.96326550637127,-76.40143095182648,-66.70076709999645,-65.94178172961902,-68.60749666265883,3.9160772805726,75
29,0.2616413116455078,0.005854241174031487,0.004787349700927734,0.00039894610406496136,0,1,3,500,"{'gamma': 0, 'learning_rate': 1, 'max_depth': 3, 'n_estimators': 500}",-0.9261123200856292,-0.9924172702821119,-1.1829293814357138,-1.0105496407805292,-1.3019564364868232,-1.0827930098141614,0.13856090192513607,76,-67.03097238093777,-66.96684533113994,-76.40246346963006,-66.7017165385322,-65.94421971465651,-68.6092434869793,3.915704275109518,76
32,0.24984092712402345,0.003994072215400986,0.004986953735351562,0.0006306003377222346,0,1,6,500,"{'gamma': 0, 'learning_rate': 1, 'max_depth': 6, 'n_estimators': 500}",-0.9261611221535941,-0.992431871919951,-1.1829577959439836,-1.0105526618774974,-1.301961076306792,-1.0828129056403637,0.13855322090445316,77,-67.0318215602185,-66.96709071744677,-76.40296072148439,-66.70176665226076,-65.94428617315859,-68.6095851649138,3.9157992481915134,77
31,0.1549041748046875,0.0028533470674670137,0.0066184520721435545,0.0005184056259312565,0,1,6,200,"{'gamma': 0, 'learning_rate': 1, 'max_depth': 6, 'n_estimators': 200}",-0.9261611221535941,-0.9924318779489634,-1.1829577959439836,-1.0105526618774974,-1.301961076306792,-1.082812906846166,0.13855322011788415,78,-67.0318215602185,-66.96709081876652,-76.40296072148439,-66.70176665226076,-65.94428617315859,-68.60958518517775,3.9157992396917347,78
35,0.24439969062805175,0.0022256280580107497,0.0049874305725097655,4.862803948967729e-07,0,1,9,500,"{'gamma': 0, 'learning_rate': 1, 'max_depth': 9, 'n_estimators': 500}",-0.9261903246012075,-0.9924278846376002,-1.1829438868291282,-1.0105628677844458,-1.3019922186465025,-1.0828234364997769,0.13855391511782789,79,-67.0323296916037,-66.96702370967695,-76.40271731337756,-66.70193594679672,-65.94473223900162,-68.60974778009131,3.9155898194178307,79
34,0.15008091926574707,0.0035996527746866834,0.0064086437225341795,0.00052219452385243,0,1,9,200,"{'gamma': 0, 'learning_rate': 1, 'max_depth': 9, 'n_estimators': 200}",-0.9261903246012075,-0.9924278884477356,-1.1829438868291282,-1.0105628677844458,-1.3019922186465025,-1.0828234372618037,0.13855391462066505,80,-67.0323296916037,-66.96702377370772,-76.40271731337756,-66.70193594679672,-65.94473223900162,-68.60974779289747,3.91558981404521,80
33,0.10945243835449218,0.002543082197327138,0.006382799148559571,0.0004881493941731153,0,1,9,100,"{'gamma': 0, 'learning_rate': 1, 'max_depth': 9, 'n_estimators': 100}",-0.9261903246012075,-0.992427893946795,-1.1829438868291282,-1.0105628677844458,-1.3019922186465025,-1.0828234383616155,0.1385539139031242,81,-67.0323296916037,-66.96702386612152,-76.40271731337756,-66.70193594679672,-65.94473223900162,-68.60974781138023,3.91558980629106,81
74,0.27582592964172364,0.002934313705733449,0.004995489120483398,4.26033654071327e-05,0.1,0.001,3,500,"{'gamma': 0.1, 'learning_rate': 0.001, 'max_depth': 3, 'n_estimators': 500}",-1.0467028576291653,-0.6850688192558247,-1.6737122812582137,-1.6287747847942824,-1.6188360203167713,-1.3306189526508514,0.39674231793663317,82,-69.09746473385782,-61.585505874617255,-84.55608257175184,-76.27044853690713,-70.33675633432964,-72.36925161029274,7.679361755337837,82
2,0.22995219230651856,0.0034702065180993655,0.004387569427490234,0.0007972360134110482,0,0.001,3,500,"{'gamma': 0, 'learning_rate': 0.001, 'max_depth': 3, 'n_estimators': 500}",-1.0467028576291653,-0.6850688192558247,-1.6737122812582137,-1.6287747957621845,-1.6188360203167713,-1.3306189548444318,0.3967423195851309,83,-69.09746473385782,-61.585505874617255,-84.55608257175184,-76.27044869601676,-70.33675633432964,-72.36925164211466,7.679361771503713,83
38,0.26845970153808596,0.005631296258378033,0.005186653137207032,0.0003987079137732415,0.01,0.001,3,500,"{'gamma': 0.01, 'learning_rate': 0.001, 'max_depth': 3, 'n_estimators': 500}",-1.0467028576291653,-0.6850688192558247,-1.6737122812582137,-1.6287747957621845,-1.6188360203167713,-1.3306189548444318,0.3967423195851309,83,-69.09746473385782,-61.585505874617255,-84.55608257175184,-76.27044869601676,-70.33675633432964,-72.36925164211466,7.679361771503713,83
77,0.3155330181121826,0.020146285920616906,0.005006742477416992,3.972325424468594e-05,0.1,0.001,6,500,"{'gamma': 0.1, 'learning_rate': 0.001, 'max_depth': 6, 'n_estimators': 500}",-1.1014133081970647,-0.6828667505330863,-1.7119101161027959,-1.6784605384595706,-1.6138759076701392,-1.3577053241925312,0.4037476954467185,85,-70.01489697333989,-61.54525236992617,-85.1579433581339,-76.98785796538493,-70.27011535650222,-72.79521320465743,7.887753332973914,85
5,0.26497325897216795,0.01305618166421965,0.004027318954467773,4.9038801330220306e-05,0,0.001,6,500,"{'gamma': 0, 'learning_rate': 0.001, 'max_depth': 6, 'n_estimators': 500}",-1.1014133081970647,-0.6828667505330863,-1.7119101621683344,-1.6784605384595706,-1.6138759076701392,-1.357705333405639,0.4037477035293084,86,-70.01489697333989,-61.54525236992617,-85.15794408139654,-76.98785796538493,-70.27011535650222,-72.79521334930995,7.887753559692485,86
41,0.3084981918334961,0.01752237366604522,0.005188894271850586,0.0003990987549672887,0.01,0.001,6,500,"{'gamma': 0.01, 'learning_rate': 0.001, 'max_depth': 6, 'n_estimators': 500}",-1.1014133081970647,-0.6828667505330863,-1.7119101621683344,-1.6784605384595706,-1.6138759076701392,-1.357705333405639,0.4037477035293084,86,-70.01489697333989,-61.54525236992617,-85.15794408139654,-76.98785796538493,-70.27011535650222,-72.79521334930995,7.887753559692485,86
44,0.32512869834899905,0.02210914131506857,0.00501556396484375,3.534112946022291e-05,0.01,0.001,9,500,"{'gamma': 0.01, 'learning_rate': 0.001, 'max_depth': 9, 'n_estimators': 500}",-1.0889677832506393,-0.6828667505330863,-1.7368587728049065,-1.7058257261760135,-1.613841094800216,-1.3656720255129724,0.4142125805953157,88,-69.80725906040026,-61.54525236992617,-85.54875872544099,-77.38014176701714,-70.26964740916708,-72.91021186639031,8.068163869805327,88
8,0.2791034698486328,0.027812676495689137,0.00438838005065918,0.000488480335493404,0,0.001,9,500,"{'gamma': 0, 'learning_rate': 0.001, 'max_depth': 9, 'n_estimators': 500}",-1.0889677832506393,-0.6828667505330863,-1.7368587728049065,-1.7058257261760135,-1.613841094800216,-1.3656720255129724,0.4142125805953157,88,-69.80725906040026,-61.54525236992617,-85.54875872544099,-77.38014176701714,-70.26964740916708,-72.91021186639031,8.068163869805327,88
80,0.3281362533569336,0.030777644368553868,0.005418014526367187,0.00048448575725187963,0.1,0.001,9,500,"{'gamma': 0.1, 'learning_rate': 0.001, 'max_depth': 9, 'n_estimators': 500}",-1.0889677832506393,-0.6828667505330863,-1.7368588011728026,-1.7058257261760135,-1.613841094800216,-1.3656720311865516,0.4142125856795588,90,-69.80725906040026,-61.54525236992617,-85.54875916880297,-77.38014176701714,-70.26964740916708,-72.91021195506272,8.068164008708088,90
37,0.1155519962310791,0.006491060527246782,0.006596708297729492,0.0005013026622245657,0.01,0.001,3,200,"{'gamma': 0.01, 'learning_rate': 0.001, 'max_depth': 3, 'n_estimators': 200}",-1.961172160839781,-1.5431744071605804,-2.6387656498560266,-2.639015763039363,-2.929420662236454,-2.342309728626441,0.5107842871597011,91,-83.11253786328089,-75.65850651936327,-98.64261160541864,-89.73700663796427,-86.1573724571147,-86.66160701662837,7.575234896512351,91
1,0.09249444007873535,0.006537058803993042,0.005201530456542969,0.00039271647742793555,0,0.001,3,200,"{'gamma': 0, 'learning_rate': 0.001, 'max_depth': 3, 'n_estimators': 200}",-1.961172160839781,-1.5431744071605804,-2.6387656498560266,-2.639015763039363,-2.929420662236454,-2.342309728626441,0.5107842871597011,91,-83.11253786328089,-75.65850651936327,-98.64261160541864,-89.73700663796427,-86.1573724571147,-86.66160701662837,7.575234896512351,91
73,0.11842212677001954,0.007261883942195682,0.0069811344146728516,7.539457464619588e-07,0.1,0.001,3,200,"{'gamma': 0.1, 'learning_rate': 0.001, 'max_depth': 3, 'n_estimators': 200}",-1.961172160839781,-1.5431744071605804,-2.6387656498560266,-2.639015763039363,-2.929420662236454,-2.342309728626441,0.5107842871597011,91,-83.11253786328089,-75.65850651936327,-98.64261160541864,-89.73700663796427,-86.1573724571147,-86.66160701662837,7.575234896512351,91
7,0.10312318801879883,0.018120802555490405,0.005575704574584961,0.001201737058470257,0,0.001,9,200,"{'gamma': 0, 'learning_rate': 0.001, 'max_depth': 9, 'n_estimators': 200}",-1.9981458888570267,-1.542385850799945,-2.6387656498560266,-2.661342526807393,-2.9288334424607982,-2.3538946717562377,0.5081995692289596,94,-83.6298072384196,-75.64677597861882,-98.64261160541864,-90.01187123767018,-86.15093445930219,-86.81640010388587,7.55550178293863,94
43,0.13375239372253417,0.02424777598705617,0.006595993041992187,0.0004722829438919761,0.01,0.001,9,200,"{'gamma': 0.01, 'learning_rate': 0.001, 'max_depth': 9, 'n_estimators': 200}",-1.9981458888570267,-1.542385850799945,-2.6387656498560266,-2.661342526807393,-2.9288334424607982,-2.3538946717562377,0.5081995692289596,94,-83.6298072384196,-75.64677597861882,-98.64261160541864,-90.01187123767018,-86.15093445930219,-86.81640010388587,7.55550178293863,94
79,0.1378171920776367,0.024936120138363084,0.006583213806152344,0.00046128643573216675,0.1,0.001,9,200,"{'gamma': 0.1, 'learning_rate': 0.001, 'max_depth': 9, 'n_estimators': 200}",-1.9981458888570267,-1.542385850799945,-2.6387656498560266,-2.661342526807393,-2.9288334424607982,-2.3538946717562377,0.5081995692289596,94,-83.6298072384196,-75.64677597861882,-98.64261160541864,-90.01187123767018,-86.15093445930219,-86.81640010388587,7.55550178293863,94
40,0.1293177127838135,0.01812144446385312,0.006923103332519531,0.0001560735876606602,0.01,0.001,6,200,"{'gamma': 0.01, 'learning_rate': 0.001, 'max_depth': 6, 'n_estimators': 200}",-2.000666793000265,-1.542385850799945,-2.6387656498560266,-2.661342526807393,-2.9288334424607982,-2.3543988525848856,0.5078475120795877,97,-83.66495870168292,-75.64677597861882,-98.64261160541864,-90.01187123767018,-86.15093445930219,-86.82343039653854,7.552549207468277,97
4,0.10454277992248535,0.013292322386315064,0.004999685287475586,2.6798248291015626e-05,0,0.001,6,200,"{'gamma': 0, 'learning_rate': 0.001, 'max_depth': 6, 'n_estimators': 200}",-2.000666793000265,-1.542385850799945,-2.6387656498560266,-2.661342526807393,-2.9288334424607982,-2.3543988525848856,0.5078475120795877,97,-83.66495870168292,-75.64677597861882,-98.64261160541864,-90.01187123767018,-86.15093445930219,-86.82343039653854,7.552549207468277,97
76,0.13314352035522461,0.019475051364678572,0.006810760498046875,0.00041446486102631234,0.1,0.001,6,200,"{'gamma': 0.1, 'learning_rate': 0.001, 'max_depth': 6, 'n_estimators': 200}",-2.000666793000265,-1.542385850799945,-2.6387656498560266,-2.661342526807393,-2.9288334424607982,-2.3543988525848856,0.5078475120795877,97,-83.66495870168292,-75.64677597861882,-98.64261160541864,-90.01187123767018,-86.15093445930219,-86.82343039653854,7.552549207468277,97
72,0.061273956298828126,0.0031793516730114725,0.006781339645385742,0.0004341865874057443,0.1,0.001,3,100,"{'gamma': 0.1, 'learning_rate': 0.001, 'max_depth': 3, 'n_estimators': 100}",-2.424208994954586,-1.986731611526411,-3.1142963537921284,-3.1230951457621288,-3.572461075360251,-2.8441586362791016,0.5644011356370776,100,-89.37475140344361,-81.99130355947885,-104.89029434489514,-95.51933464751131,-92.94011212889416,-92.94315921684462,7.510624522164989,100
36,0.061991119384765626,0.002493847312684061,0.006592845916748047,0.0004980572585906284,0.01,0.001,3,100,"{'gamma': 0.01, 'learning_rate': 0.001, 'max_depth': 3, 'n_estimators': 100}",-2.424208994954586,-1.986731611526411,-3.1142963537921284,-3.1230951457621288,-3.572461075360251,-2.8441586362791016,0.5644011356370776,100,-89.37475140344361,-81.99130355947885,-104.89029434489514,-95.51933464751131,-92.94011212889416,-92.94315921684462,7.510624522164989,100
0,0.048958873748779295,0.002672344563697835,0.004973602294921875,0.0006316967522161656,0,0.001,3,100,"{'gamma': 0, 'learning_rate': 0.001, 'max_depth': 3, 'n_estimators': 100}",-2.424208994954586,-1.986731611526411,-3.1142963537921284,-3.1230951457621288,-3.572461075360251,-2.8441586362791016,0.5644011356370776,100,-89.37475140344361,-81.99130355947885,-104.89029434489514,-95.51933464751131,-92.94011212889416,-92.94315921684462,7.510624522164989,100
39,0.06683955192565919,0.00769060490068967,0.00620269775390625,0.00039410197365069333,0.01,0.001,6,100,"{'gamma': 0.01, 'learning_rate': 0.001, 'max_depth': 6, 'n_estimators': 100}",-2.4425950344752105,-1.986731611526411,-3.1142963537921284,-3.1314964332616624,-3.572461075360251,-2.8495161016831325,0.562539377406005,103,-89.61437576508497,-81.99130355947885,-104.89029434489514,-95.6166010202632,-92.94011212889416,-93.01053736372327,7.495099474510117,103
6,0.05340933799743652,0.007372580115581956,0.005229282379150391,0.00040987875904206094,0,0.001,9,100,"{'gamma': 0, 'learning_rate': 0.001, 'max_depth': 9, 'n_estimators': 100}",-2.4425950344752105,-1.986731611526411,-3.1142963537921284,-3.1314964332616624,-3.572461075360251,-2.8495161016831325,0.562539377406005,103,-89.61437576508497,-81.99130355947885,-104.89029434489514,-95.6166010202632,-92.94011212889416,-93.01053736372327,7.495099474510117,103
3,0.05517935752868652,0.006886322553260032,0.00480356216430664,0.00040779816864097365,0,0.001,6,100,"{'gamma': 0, 'learning_rate': 0.001, 'max_depth': 6, 'n_estimators': 100}",-2.4425950344752105,-1.986731611526411,-3.1142963537921284,-3.1314964332616624,-3.572461075360251,-2.8495161016831325,0.562539377406005,103,-89.61437576508497,-81.99130355947885,-104.89029434489514,-95.6166010202632,-92.94011212889416,-93.01053736372327,7.495099474510117,103
78,0.06813588142395019,0.007497334496321189,0.006042194366455078,3.093839130369243e-05,0.1,0.001,9,100,"{'gamma': 0.1, 'learning_rate': 0.001, 'max_depth': 9, 'n_estimators': 100}",-2.4425950344752105,-1.986731611526411,-3.1142963537921284,-3.1314964332616624,-3.572461075360251,-2.8495161016831325,0.562539377406005,103,-89.61437576508497,-81.99130355947885,-104.89029434489514,-95.6166010202632,-92.94011212889416,-93.01053736372327,7.495099474510117,103
75,0.06957068443298339,0.007960678363621385,0.0068209171295166016,0.0003870449057749672,0.1,0.001,6,100,"{'gamma': 0.1, 'learning_rate': 0.001, 'max_depth': 6, 'n_estimators': 100}",-2.4425950344752105,-1.986731611526411,-3.1142963537921284,-3.1314964332616624,-3.572461075360251,-2.8495161016831325,0.562539377406005,103,-89.61437576508497,-81.99130355947885,-104.89029434489514,-95.6166010202632,-92.94011212889416,-93.01053736372327,7.495099474510117,103
42,0.0674433708190918,0.008388503130955335,0.006211042404174805,0.0007394535376624728,0.01,0.001,9,100,"{'gamma': 0.01, 'learning_rate': 0.001, 'max_depth': 9, 'n_estimators': 100}",-2.4425950344752105,-1.986731611526411,-3.1142963537921284,-3.1314964332616624,-3.572461075360251,-2.8495161016831325,0.562539377406005,103,-89.61437576508497,-81.99130355947885,-104.89029434489514,-95.6166010202632,-92.94011212889416,-93.01053736372327,7.495099474510117,103
